{"match_rate": 0.6151890338271059, "rms_dist": 0.05831664062451313}